Alan Sontag,8607
Alan Truscott,297
Alfred Sheinwold,15394
Alvin Roth,15499
Amalya Lyle Kearse,8899
Ari Greenberg,4325
Benito Garozzo,1023
Beth Palmer,3908
Betty Ann Kennedy,8643
Bill Pollack,11442
Bill Root,15498
Billy Eisenberg,513
Bob Hamman,3774
Bobby Goldman,15448
Bobby Levin,11125
Bobby Nail,15535
Bobby Wolff,556
Brad Moss,11290
Carol Sanders,11595
Charles Goren,15589
Christal Henner,12591
Claudio Nunes,5348
Dan Morse,1011
David Berkowitz,8889
Dorothy Hayden Truscott,8746
Drew Casen,10318
Easley Blackwood,Sr.,8921
Edgar Kaplan,1117
Edwin Kantar,15418
Eric Rodwell,3777
Franck Multon,3717
Fred Gitelman,3695
Helen Sobel Smith,15580
Hermine Baron,19171
Howard Schenken,15524
Ira Rubin,15427
Irina Levitina,4351
Jacek Pszczo≈Ça,3756
Jaggy Shivdasani,12838
James Cayne,13178
Jeff Meckstroth,3776
Jeff Rubens,15493
Jill Meyers,3899
Joel Wooldridge,5927
John Mohan,4207
John R. Crawford,15561
Kit Woolsey,4210
Larry N. Cohen,79
Lew Stansby,686
Marshall Miles,13384
Martin Fleisher,8880
Marty A. Bergen,8915
Michael Rosenberg,3781
Mike Cappelletti,28873
Mike Develin,24163
Mike Lawrence,559
Mike Passell,8694
Nick Nickell,3779
Nicolas Hammond,30177
Norman Kay,8930
Oswald Jacoby,8920
Paul Soloway,3775
Peter Schneider,18334
Ralph Katz,10949
Richard Freeman,3778
Richard Pavlicek,17302
Richard Zeckhauser,11967
Ron Rubin,9769
Rose Meltzer,4361
Roy Welland,12795
Rozanne Pollack,3910
Sally Woolsey,4443
Sam Stayman,15562
Steve Weinstein,13179
Sylvia Moss,13008
Tobi Sokolow,3900
William Rosen,15570
Zia Mahmood,325
